{
    "Title":  "Create-PSListing GUI",
    "Name":  "Create-PSListingGUI.ps1",
    "SettingsFile":  "F:\\AppDev\\Scripts\\Powershell\\Create-PSListingGUI.json",
    "Params":  {
                   "FullName":  {
                                    "Name":  "FullName",
                                    "ParameterType":  "string",
                                    "ParameterSets":  "System.Collections.Generic.Dictionary`2[System.String,System.Management.Automation.ParameterSetMetadata]",
                                    "IsDynamic":  false,
                                    "Aliases":  "Path",
                                    "Attributes":  "System.Management.Automation.AliasAttribute System.Management.Automation.ParameterAttribute System.Management.Automation.ArgumentTypeConverterAttribute",
                                    "SwitchParameter":  false
                                },
                   "StartPosition":  {
                                         "Name":  "StartPosition",
                                         "ParameterType":  "string",
                                         "ParameterSets":  "System.Collections.Generic.Dictionary`2[System.String,System.Management.Automation.ParameterSetMetadata]",
                                         "IsDynamic":  false,
                                         "Aliases":  "WS",
                                         "Attributes":  "System.Management.Automation.ValidateSetAttribute System.Management.Automation.ValidateNotNullOrEmptyAttribute System.Management.Automation.AliasAttribute System.Management.Automation.ParameterAttribute System.Management.Automation.ArgumentTypeConverterAttribute",
                                         "SwitchParameter":  false
                                     },
                   "Verbose":  {
                                   "Name":  "Verbose",
                                   "ParameterType":  "switch",
                                   "ParameterSets":  "System.Collections.Generic.Dictionary`2[System.String,System.Management.Automation.ParameterSetMetadata]",
                                   "IsDynamic":  false,
                                   "Aliases":  "vb",
                                   "Attributes":  "System.Management.Automation.ParameterAttribute System.Management.Automation.AliasAttribute",
                                   "SwitchParameter":  true
                               },
                   "Debug":  {
                                 "Name":  "Debug",
                                 "ParameterType":  "switch",
                                 "ParameterSets":  "System.Collections.Generic.Dictionary`2[System.String,System.Management.Automation.ParameterSetMetadata]",
                                 "IsDynamic":  false,
                                 "Aliases":  "db",
                                 "Attributes":  "System.Management.Automation.ParameterAttribute System.Management.Automation.AliasAttribute",
                                 "SwitchParameter":  true
                             },
                   "ErrorAction":  {
                                       "Name":  "ErrorAction",
                                       "ParameterType":  "System.Management.Automation.ActionPreference",
                                       "ParameterSets":  "System.Collections.Generic.Dictionary`2[System.String,System.Management.Automation.ParameterSetMetadata]",
                                       "IsDynamic":  false,
                                       "Aliases":  "ea",
                                       "Attributes":  "System.Management.Automation.AliasAttribute System.Management.Automation.ParameterAttribute",
                                       "SwitchParameter":  false
                                   },
                   "WarningAction":  {
                                         "Name":  "WarningAction",
                                         "ParameterType":  "System.Management.Automation.ActionPreference",
                                         "ParameterSets":  "System.Collections.Generic.Dictionary`2[System.String,System.Management.Automation.ParameterSetMetadata]",
                                         "IsDynamic":  false,
                                         "Aliases":  "wa",
                                         "Attributes":  "System.Management.Automation.ParameterAttribute System.Management.Automation.AliasAttribute",
                                         "SwitchParameter":  false
                                     },
                   "InformationAction":  {
                                             "Name":  "InformationAction",
                                             "ParameterType":  "System.Management.Automation.ActionPreference",
                                             "ParameterSets":  "System.Collections.Generic.Dictionary`2[System.String,System.Management.Automation.ParameterSetMetadata]",
                                             "IsDynamic":  false,
                                             "Aliases":  "infa",
                                             "Attributes":  "System.Management.Automation.AliasAttribute System.Management.Automation.ParameterAttribute",
                                             "SwitchParameter":  false
                                         },
                   "ErrorVariable":  {
                                         "Name":  "ErrorVariable",
                                         "ParameterType":  "string",
                                         "ParameterSets":  "System.Collections.Generic.Dictionary`2[System.String,System.Management.Automation.ParameterSetMetadata]",
                                         "IsDynamic":  false,
                                         "Aliases":  "ev",
                                         "Attributes":  "System.Management.Automation.AliasAttribute System.Management.Automation.ParameterAttribute System.Management.Automation.Internal.CommonParameters+ValidateVariableName",
                                         "SwitchParameter":  false
                                     },
                   "WarningVariable":  {
                                           "Name":  "WarningVariable",
                                           "ParameterType":  "string",
                                           "ParameterSets":  "System.Collections.Generic.Dictionary`2[System.String,System.Management.Automation.ParameterSetMetadata]",
                                           "IsDynamic":  false,
                                           "Aliases":  "wv",
                                           "Attributes":  "System.Management.Automation.ParameterAttribute System.Management.Automation.AliasAttribute System.Management.Automation.Internal.CommonParameters+ValidateVariableName",
                                           "SwitchParameter":  false
                                       },
                   "InformationVariable":  {
                                               "Name":  "InformationVariable",
                                               "ParameterType":  "string",
                                               "ParameterSets":  "System.Collections.Generic.Dictionary`2[System.String,System.Management.Automation.ParameterSetMetadata]",
                                               "IsDynamic":  false,
                                               "Aliases":  "iv",
                                               "Attributes":  "System.Management.Automation.ParameterAttribute System.Management.Automation.AliasAttribute System.Management.Automation.Internal.CommonParameters+ValidateVariableName",
                                               "SwitchParameter":  false
                                           },
                   "OutVariable":  {
                                       "Name":  "OutVariable",
                                       "ParameterType":  "string",
                                       "ParameterSets":  "System.Collections.Generic.Dictionary`2[System.String,System.Management.Automation.ParameterSetMetadata]",
                                       "IsDynamic":  false,
                                       "Aliases":  "ov",
                                       "Attributes":  "System.Management.Automation.Internal.CommonParameters+ValidateVariableName System.Management.Automation.AliasAttribute System.Management.Automation.ParameterAttribute",
                                       "SwitchParameter":  false
                                   },
                   "OutBuffer":  {
                                     "Name":  "OutBuffer",
                                     "ParameterType":  "int",
                                     "ParameterSets":  "System.Collections.Generic.Dictionary`2[System.String,System.Management.Automation.ParameterSetMetadata]",
                                     "IsDynamic":  false,
                                     "Aliases":  "ob",
                                     "Attributes":  "System.Management.Automation.AliasAttribute System.Management.Automation.ValidateRangeAttribute System.Management.Automation.ParameterAttribute",
                                     "SwitchParameter":  false
                                 },
                   "PipelineVariable":  {
                                            "Name":  "PipelineVariable",
                                            "ParameterType":  "string",
                                            "ParameterSets":  "System.Collections.Generic.Dictionary`2[System.String,System.Management.Automation.ParameterSetMetadata]",
                                            "IsDynamic":  false,
                                            "Aliases":  "pv",
                                            "Attributes":  "System.Management.Automation.AliasAttribute System.Management.Automation.ParameterAttribute System.Management.Automation.Internal.CommonParameters+ValidateVariableName",
                                            "SwitchParameter":  false
                                        }
               },
    "HostId":  "psISEHost",
    "Icon":  {
                 "File":  "C:\\WINDOWS\\System32\\ImageRes.dll",
                 "Index":  311
             },
    "Location":  {
                     "Values":  [
                                    "CenterParent",
                                    "CenterScreen",
                                    "CenterTop",
                                    "Point"
                                ],
                     "Index":  1,
                     "Point":  null
                 },
    "Settings":  {
                     "JsonDepth":  2,
                     "Mode":  "Both",
                     "DiagOut":  "Grid",
                     "HTMLFontSize":  14,
                     "TabExpansionWidth":  2,
                     "ListingLineNoWidth":  3,
                     "IncludeTokens":  true,
                     "OpenInWebBrowser":  true,
                     "OutputToTemp":  true,
                     "TokenReport":  {
                                         "OutputTo":  "Html",
                                         "IncludeCommentType":  true,
                                         "IncludeStartProperty":  true,
                                         "MaxCommentLength":  50
                                     },
                     "TypeName":  "My.Settings"
                 }
}